,date,block_id
0,2015-07-30,1
1,2015-07-31,5992
2,2015-08-01,13281
3,2015-08-02,18651
4,2015-08-03,23960
5,2015-08-04,29287
6,2015-08-05,34645
7,2015-08-06,39879
8,2015-08-07,44969
9,2015-08-08,50167
10,2015-08-09,55473
11,2015-08-10,60545
12,2015-08-11,65855
13,2015-08-12,71084
14,2015-08-13,76220
15,2015-08-14,81526
16,2015-08-15,87261
17,2015-08-16,92712
18,2015-08-17,97822
19,2015-08-18,103167
20,2015-08-19,108157
21,2015-08-20,113334
22,2015-08-21,117352
23,2015-08-22,122443
24,2015-08-23,127708
25,2015-08-24,132774
26,2015-08-25,137900
27,2015-08-26,142994
28,2015-08-27,148018
29,2015-08-28,152751
30,2015-08-29,157400
31,2015-08-30,161769
32,2015-08-31,165914
33,2015-09-01,170044
34,2015-09-02,174004
35,2015-09-03,177635
36,2015-09-04,180947
37,2015-09-05,185321
38,2015-09-06,190227
39,2015-09-07,195213
40,2015-09-08,200090
41,2015-09-09,204960
42,2015-09-10,210047
43,2015-09-11,215041
44,2015-09-12,220144
45,2015-09-13,225181
46,2015-09-14,230178
47,2015-09-15,235021
48,2015-09-16,239881
49,2015-09-17,244818
50,2015-09-18,249674
51,2015-09-19,254488
52,2015-09-20,259569
53,2015-09-21,264897
54,2015-09-22,270000
55,2015-09-23,275003
56,2015-09-24,280181
57,2015-09-25,285194
58,2015-09-26,290287
59,2015-09-27,295246
60,2015-09-28,300092
61,2015-09-29,304782
62,2015-09-30,309417
63,2015-10-01,314189
64,2015-10-02,319343
65,2015-10-03,324469
66,2015-10-04,329603
67,2015-10-05,334442
68,2015-10-06,339456
69,2015-10-07,344316
70,2015-10-08,349273
71,2015-10-09,354422
72,2015-10-10,359356
73,2015-10-11,364231
74,2015-10-12,369345
75,2015-10-13,374446
76,2015-10-14,379588
77,2015-10-15,384507
78,2015-10-16,389441
79,2015-10-17,394323
80,2015-10-18,399370
81,2015-10-19,404332
82,2015-10-20,409316
83,2015-10-21,414278
84,2015-10-22,419297
85,2015-10-23,424112
86,2015-10-24,429360
87,2015-10-25,434541
88,2015-10-26,439865
89,2015-10-27,444744
90,2015-10-28,450002
91,2015-10-29,454956
92,2015-10-30,460079
93,2015-10-31,465322
94,2015-11-01,470480
95,2015-11-02,475598
96,2015-11-03,480627
97,2015-11-04,485727
98,2015-11-05,490864
99,2015-11-06,495968
100,2015-11-07,501084
101,2015-11-08,506017
102,2015-11-09,511036
103,2015-11-10,516067
104,2015-11-11,521114
105,2015-11-12,526134
106,2015-11-13,531231
107,2015-11-14,536332
108,2015-11-15,541435
109,2015-11-16,546650
110,2015-11-17,551712
111,2015-11-18,556872
112,2015-11-19,561927
113,2015-11-20,566954
114,2015-11-21,571649
115,2015-11-22,576681
116,2015-11-23,581705
117,2015-11-24,586819
118,2015-11-25,591839
119,2015-11-26,596754
120,2015-11-27,601693
121,2015-11-28,606837
122,2015-11-29,611869
123,2015-11-30,616941
124,2015-12-01,622001
125,2015-12-02,627086
126,2015-12-03,631920
127,2015-12-04,637087
128,2015-12-05,642126
129,2015-12-06,647125
130,2015-12-07,652026
131,2015-12-08,657010
132,2015-12-09,661917
133,2015-12-10,667099
134,2015-12-11,672276
135,2015-12-12,677349
136,2015-12-13,682412
137,2015-12-14,687706
138,2015-12-15,692699
139,2015-12-16,697762
140,2015-12-17,702756
141,2015-12-18,707814
142,2015-12-19,712829
143,2015-12-20,717841
144,2015-12-21,722815
145,2015-12-22,727776
146,2015-12-23,732901
147,2015-12-24,738013
148,2015-12-25,743041
149,2015-12-26,748120
150,2015-12-27,753123
151,2015-12-28,758145
152,2015-12-29,763224
153,2015-12-30,768209
154,2015-12-31,773240
155,2016-01-01,778275
156,2016-01-02,783169
157,2016-01-03,788253
158,2016-01-04,793394
159,2016-01-05,798483
160,2016-01-06,803596
161,2016-01-07,808687
162,2016-01-08,813705
163,2016-01-09,818847
164,2016-01-10,823937
165,2016-01-11,829037
166,2016-01-12,834181
167,2016-01-13,839084
168,2016-01-14,844096
169,2016-01-15,849187
170,2016-01-16,854261
171,2016-01-17,859317
172,2016-01-18,864339
173,2016-01-19,869434
174,2016-01-20,874367
175,2016-01-21,879415
176,2016-01-22,884388
177,2016-01-23,889430
178,2016-01-24,894346
179,2016-01-25,899479
180,2016-01-26,904372
181,2016-01-27,909541
182,2016-01-28,914526
183,2016-01-29,919544
184,2016-01-30,924550
185,2016-01-31,929583
186,2016-02-01,934436
187,2016-02-02,939467
188,2016-02-03,944398
189,2016-02-04,949599
190,2016-02-05,954661
191,2016-02-06,959708
192,2016-02-07,964698
193,2016-02-08,969789
194,2016-02-09,974851
195,2016-02-10,979908
196,2016-02-11,984865
197,2016-02-12,989919
198,2016-02-13,994935
199,2016-02-14,1000023
200,2016-02-15,1005020
201,2016-02-16,1010003
202,2016-02-17,1015008
203,2016-02-18,1019892
204,2016-02-19,1024877
205,2016-02-20,1029918
206,2016-02-21,1034962
207,2016-02-22,1040001
208,2016-02-23,1045112
209,2016-02-24,1050082
210,2016-02-25,1055109
211,2016-02-26,1060212
212,2016-02-27,1065294
213,2016-02-28,1070293
214,2016-02-29,1075333
215,2016-03-01,1080136
216,2016-03-02,1085187
217,2016-03-03,1090261
218,2016-03-04,1095322
219,2016-03-05,1100281
220,2016-03-06,1105430
221,2016-03-07,1110332
222,2016-03-08,1115366
223,2016-03-09,1120372
224,2016-03-10,1125362
225,2016-03-11,1130517
226,2016-03-12,1135596
227,2016-03-13,1140625
228,2016-03-14,1145829
229,2016-03-15,1150912
230,2016-03-16,1156861
231,2016-03-17,1162878
232,2016-03-18,1168980
233,2016-03-19,1174966
234,2016-03-20,1180996
235,2016-03-21,1187057
236,2016-03-22,1193025
237,2016-03-23,1199120
238,2016-03-24,1205075
239,2016-03-25,1211191
240,2016-03-26,1217245
241,2016-03-27,1223350
242,2016-03-28,1229118
243,2016-03-29,1235128
244,2016-03-30,1241155
245,2016-03-31,1247198
246,2016-04-01,1253230
247,2016-04-02,1259294
248,2016-04-03,1265256
249,2016-04-04,1271253
250,2016-04-05,1277341
251,2016-04-06,1283390
252,2016-04-07,1289380
253,2016-04-08,1295305
254,2016-04-09,1301431
255,2016-04-10,1307372
256,2016-04-11,1313449
257,2016-04-12,1319416
258,2016-04-13,1325389
259,2016-04-14,1331422
260,2016-04-15,1337441
261,2016-04-16,1343489
262,2016-04-17,1349537
263,2016-04-18,1355547
264,2016-04-19,1361560
265,2016-04-20,1367582
266,2016-04-21,1373599
267,2016-04-22,1379615
268,2016-04-23,1385665
269,2016-04-24,1391688
270,2016-04-25,1397680
271,2016-04-26,1403780
272,2016-04-27,1409779
273,2016-04-28,1415763
274,2016-04-29,1421771
275,2016-04-30,1427825
276,2016-05-01,1433876
277,2016-05-02,1439928
278,2016-05-03,1445904
279,2016-05-04,1451929
280,2016-05-05,1457953
281,2016-05-06,1463999
282,2016-05-07,1470027
283,2016-05-08,1475999
284,2016-05-09,1482041
285,2016-05-10,1488066
286,2016-05-11,1494083
287,2016-05-12,1500038
288,2016-05-13,1506105
289,2016-05-14,1512157
290,2016-05-15,1518127
291,2016-05-16,1524176
292,2016-05-17,1530131
293,2016-05-18,1536181
294,2016-05-19,1542218
295,2016-05-20,1548293
296,2016-05-21,1554305
297,2016-05-22,1560276
298,2016-05-23,1566363
299,2016-05-24,1572355
300,2016-05-25,1578397
301,2016-05-26,1584409
302,2016-05-27,1590434
303,2016-05-28,1596481
304,2016-05-29,1602476
305,2016-05-30,1608516
306,2016-05-31,1614491
307,2016-06-01,1620446
308,2016-06-02,1626482
309,2016-06-03,1632545
310,2016-06-04,1638540
311,2016-06-05,1644598
312,2016-06-06,1650556
313,2016-06-07,1656687
314,2016-06-08,1662682
315,2016-06-09,1668740
316,2016-06-10,1674864
317,2016-06-11,1680764
318,2016-06-12,1686848
319,2016-06-13,1692908
320,2016-06-14,1699015
321,2016-06-15,1704998
322,2016-06-16,1711037
323,2016-06-17,1717089
324,2016-06-18,1722928
325,2016-06-19,1728829
326,2016-06-20,1735005
327,2016-06-21,1740979
328,2016-06-22,1746965
329,2016-06-23,1753104
330,2016-06-24,1759093
331,2016-06-25,1765157
332,2016-06-26,1771128
333,2016-06-27,1777191
334,2016-06-28,1783286
335,2016-06-29,1789335
336,2016-06-30,1795329
337,2016-07-01,1801313
338,2016-07-02,1807402
339,2016-07-03,1813422
340,2016-07-04,1819463
341,2016-07-05,1825537
342,2016-07-06,1831485
343,2016-07-07,1837572
344,2016-07-08,1843621
345,2016-07-09,1849617
346,2016-07-10,1855691
347,2016-07-11,1861752
348,2016-07-12,1867813
349,2016-07-13,1873809
350,2016-07-14,1879894
351,2016-07-15,1885905
352,2016-07-16,1891878
353,2016-07-17,1897952
354,2016-07-18,1904033
355,2016-07-19,1910117
356,2016-07-20,1916036
357,2016-07-21,1922030
358,2016-07-22,1928189
359,2016-07-23,1934145
360,2016-07-24,1940236
361,2016-07-25,1946185
362,2016-07-26,1952220
363,2016-07-27,1958054
364,2016-07-28,1964160
365,2016-07-29,1970256
366,2016-07-30,1976251
367,2016-07-31,1982227
368,2016-08-01,1988287
369,2016-08-02,1994216
370,2016-08-03,2000117
371,2016-08-04,2006087
372,2016-08-05,2012298
373,2016-08-06,2018352
374,2016-08-07,2024330
375,2016-08-08,2030401
376,2016-08-09,2036460
377,2016-08-10,2042601
378,2016-08-11,2048616
379,2016-08-12,2054706
380,2016-08-13,2060724
381,2016-08-14,2066763
382,2016-08-15,2072798
383,2016-08-16,2078845
384,2016-08-17,2084983
385,2016-08-18,2090940
386,2016-08-19,2097019
387,2016-08-20,2103058
388,2016-08-21,2109163
389,2016-08-22,2115213
390,2016-08-23,2121284
391,2016-08-24,2127325
392,2016-08-25,2133318
393,2016-08-26,2139429
394,2016-08-27,2145484
395,2016-08-28,2151504
396,2016-08-29,2157539
397,2016-08-30,2163593
398,2016-08-31,2169606
399,2016-09-01,2175672
400,2016-09-02,2181672
401,2016-09-03,2187709
402,2016-09-04,2193687
403,2016-09-05,2199702
404,2016-09-06,2205785
405,2016-09-07,2211830
406,2016-09-08,2217908
407,2016-09-09,2223894
408,2016-09-10,2229990
409,2016-09-11,2236026
410,2016-09-12,2242084
411,2016-09-13,2248138
412,2016-09-14,2254143
413,2016-09-15,2260224
414,2016-09-16,2266289
415,2016-09-17,2272311
416,2016-09-18,2278379
417,2016-09-19,2284043
418,2016-09-20,2290358
419,2016-09-21,2296563
420,2016-09-22,2302612
421,2016-09-23,2308322
422,2016-09-24,2314565
423,2016-09-25,2320467
424,2016-09-26,2326756
425,2016-09-27,2332559
426,2016-09-28,2338579
427,2016-09-29,2344714
428,2016-09-30,2350857
429,2016-10-01,2356872
430,2016-10-02,2362679
431,2016-10-03,2368752
432,2016-10-04,2374885
433,2016-10-05,2380987
434,2016-10-06,2386798
435,2016-10-07,2392833
436,2016-10-08,2398626
437,2016-10-09,2404834
438,2016-10-10,2410932
439,2016-10-11,2416935
440,2016-10-12,2422994
441,2016-10-13,2428884
442,2016-10-14,2434967
443,2016-10-15,2441110
444,2016-10-16,2447144
445,2016-10-17,2453171
446,2016-10-18,2459157
447,2016-10-19,2465238
448,2016-10-20,2471033
449,2016-10-21,2477360
450,2016-10-22,2483430
451,2016-10-23,2489473
452,2016-10-24,2495469
453,2016-10-25,2501535
454,2016-10-26,2507592
455,2016-10-27,2513651
456,2016-10-28,2519683
457,2016-10-29,2525639
458,2016-10-30,2531312
459,2016-10-31,2537606
460,2016-11-01,2543690
461,2016-11-02,2549520
462,2016-11-03,2555470
463,2016-11-04,2561444
464,2016-11-05,2567354
465,2016-11-06,2573334
466,2016-11-07,2579377
467,2016-11-08,2585682
468,2016-11-09,2591856
469,2016-11-10,2597796
470,2016-11-11,2603736
471,2016-11-12,2609741
472,2016-11-13,2615845
473,2016-11-14,2622012
474,2016-11-15,2628064
475,2016-11-16,2634090
476,2016-11-17,2640145
477,2016-11-18,2646048
478,2016-11-19,2652285
479,2016-11-20,2658438
480,2016-11-21,2664630
481,2016-11-22,2670695
482,2016-11-23,2676609
483,2016-11-24,2682458
484,2016-11-25,2688365
485,2016-11-26,2694482
486,2016-11-27,2700437
487,2016-11-28,2706363
488,2016-11-29,2712410
489,2016-11-30,2718410
490,2016-12-01,2724464
491,2016-12-02,2730534
492,2016-12-03,2736582
493,2016-12-04,2742773
494,2016-12-05,2748743
495,2016-12-06,2754737
496,2016-12-07,2760819
497,2016-12-08,2766869
498,2016-12-09,2773015
499,2016-12-10,2779069
500,2016-12-11,2785139
501,2016-12-12,2791240
502,2016-12-13,2797232
503,2016-12-14,2803325
504,2016-12-15,2809394
505,2016-12-16,2815431
506,2016-12-17,2821443
507,2016-12-18,2827596
508,2016-12-19,2833659
509,2016-12-20,2839692
510,2016-12-21,2845792
511,2016-12-22,2851861
512,2016-12-23,2857814
513,2016-12-24,2863767
514,2016-12-25,2869784
515,2016-12-26,2875904
516,2016-12-27,2881965
517,2016-12-28,2888000
518,2016-12-29,2894032
519,2016-12-30,2900102
520,2016-12-31,2906147
521,2017-01-01,2912158
522,2017-01-02,2918257
523,2017-01-03,2924339
524,2017-01-04,2930342
525,2017-01-05,2936503
526,2017-01-06,2942580
527,2017-01-07,2948593
528,2017-01-08,2954737
529,2017-01-09,2960804
530,2017-01-10,2966859
531,2017-01-11,2972870
532,2017-01-12,2978941
533,2017-01-13,2985006
534,2017-01-14,2991096
535,2017-01-15,2997183
536,2017-01-16,3003274
537,2017-01-17,3009304
538,2017-01-18,3015325
539,2017-01-19,3021356
540,2017-01-20,3027522
541,2017-01-21,3033516
542,2017-01-22,3039556
543,2017-01-23,3045596
544,2017-01-24,3051643
545,2017-01-25,3057699
546,2017-01-26,3063702
547,2017-01-27,3069770
548,2017-01-28,3075792
549,2017-01-29,3081821
550,2017-01-30,3087777
551,2017-01-31,3093890
552,2017-02-01,3099924
553,2017-02-02,3105889
554,2017-02-03,3111960
555,2017-02-04,3117939
556,2017-02-05,3124007
557,2017-02-06,3130095
558,2017-02-07,3136163
559,2017-02-08,3142147
560,2017-02-09,3148224
561,2017-02-10,3154233
562,2017-02-11,3160283
563,2017-02-12,3166318
564,2017-02-13,3172391
565,2017-02-14,3178444
566,2017-02-15,3184494
567,2017-02-16,3190559
568,2017-02-17,3196589
569,2017-02-18,3202635
570,2017-02-19,3208635
571,2017-02-20,3214638
572,2017-02-21,3220667
573,2017-02-22,3226725
574,2017-02-23,3232685
575,2017-02-24,3238726
576,2017-02-25,3244695
577,2017-02-26,3250769
578,2017-02-27,3256832
579,2017-02-28,3262818
580,2017-03-01,3268909
581,2017-03-02,3274891
582,2017-03-03,3280938
583,2017-03-04,3286973
584,2017-03-05,3292932
585,2017-03-06,3299019
586,2017-03-07,3304999
587,2017-03-08,3310963
588,2017-03-09,3317003
589,2017-03-10,3322941
590,2017-03-11,3328879
591,2017-03-12,3334881
592,2017-03-13,3340801
593,2017-03-14,3346828
594,2017-03-15,3352781
595,2017-03-16,3358766
596,2017-03-17,3364770
597,2017-03-18,3370812
598,2017-03-19,3376807
599,2017-03-20,3382743
600,2017-03-21,3388826
601,2017-03-22,3394771
602,2017-03-23,3400791
603,2017-03-24,3406701
604,2017-03-25,3412608
605,2017-03-26,3418587
606,2017-03-27,3424317
607,2017-03-28,3430260
608,2017-03-29,3436169
609,2017-03-30,3442111
610,2017-03-31,3448086
611,2017-04-01,3454065
612,2017-04-02,3459991
613,2017-04-03,3465882
614,2017-04-04,3471781
615,2017-04-05,3477729
616,2017-04-06,3483671
617,2017-04-07,3489569
618,2017-04-08,3495511
619,2017-04-09,3501485
620,2017-04-10,3507302
621,2017-04-11,3513031
622,2017-04-12,3518869
623,2017-04-13,3524667
624,2017-04-14,3530449
625,2017-04-15,3536371
626,2017-04-16,3542100
627,2017-04-17,3547913
628,2017-04-18,3553775
629,2017-04-19,3559628
630,2017-04-20,3565342
631,2017-04-21,3571183
632,2017-04-22,3577057
633,2017-04-23,3582888
634,2017-04-24,3588705
635,2017-04-25,3594469
636,2017-04-26,3600348
637,2017-04-27,3606011
638,2017-04-28,3611623
639,2017-04-29,3617345
640,2017-04-30,3622978
641,2017-05-01,3628609
642,2017-05-02,3634239
643,2017-05-03,3639864
644,2017-05-04,3645492
645,2017-05-05,3651156
646,2017-05-06,3656836
647,2017-05-07,3662494
648,2017-05-08,3668201
649,2017-05-09,3673840
650,2017-05-10,3679538
651,2017-05-11,3685185
652,2017-05-12,3690885
653,2017-05-13,3696561
654,2017-05-14,3702181
655,2017-05-15,3707632
656,2017-05-16,3713000
657,2017-05-17,3718429
658,2017-05-18,3723754
659,2017-05-19,3729268
660,2017-05-20,3734680
661,2017-05-21,3740165
662,2017-05-22,3745586
663,2017-05-23,3751069
664,2017-05-24,3756468
665,2017-05-25,3761898
666,2017-05-26,3767377
667,2017-05-27,3772832
668,2017-05-28,3778309
669,2017-05-29,3783754
670,2017-05-30,3789296
671,2017-05-31,3794895
672,2017-06-01,3800339
673,2017-06-02,3805617
674,2017-06-03,3810700
675,2017-06-04,3815891
676,2017-06-05,3821100
677,2017-06-06,3826325
678,2017-06-07,3831506
679,2017-06-08,3836783
680,2017-06-09,3841981
681,2017-06-10,3847208
682,2017-06-11,3852490
683,2017-06-12,3857792
684,2017-06-13,3862989
685,2017-06-14,3868257
686,2017-06-15,3873531
687,2017-06-16,3878880
688,2017-06-17,3884189
689,2017-06-18,3889512
690,2017-06-19,3894844
691,2017-06-20,3900217
692,2017-06-21,3905171
693,2017-06-22,3910053
694,2017-06-23,3914980
695,2017-06-24,3919893
696,2017-06-25,3924806
697,2017-06-26,3929760
698,2017-06-27,3934709
699,2017-06-28,3939700
700,2017-06-29,3944692
701,2017-06-30,3949712
702,2017-07-01,3954695
703,2017-07-02,3959747
704,2017-07-03,3964784
705,2017-07-04,3969819
706,2017-07-05,3974933
707,2017-07-06,3979930
708,2017-07-07,3984949
709,2017-07-08,3990054
710,2017-07-09,3995134
711,2017-07-10,4000242
712,2017-07-11,4004827
713,2017-07-12,4009354
714,2017-07-13,4013848
715,2017-07-14,4018410
716,2017-07-15,4022895
717,2017-07-16,4027444
718,2017-07-17,4032024
719,2017-07-18,4036520
720,2017-07-19,4041092
721,2017-07-20,4045707
722,2017-07-21,4050303
723,2017-07-22,4054927
724,2017-07-23,4059525
725,2017-07-24,4064182
726,2017-07-25,4068761
727,2017-07-26,4073462
728,2017-07-27,4078117
729,2017-07-28,4082735
730,2017-07-29,4087400
731,2017-07-30,4092038
732,2017-07-31,4096774
733,2017-08-01,4101341
734,2017-08-02,4105449
735,2017-08-03,4109472
736,2017-08-04,4113441
737,2017-08-05,4117504
738,2017-08-06,4121533
739,2017-08-07,4125586
740,2017-08-08,4129661
741,2017-08-09,4133776
742,2017-08-10,4137864
743,2017-08-11,4141915
744,2017-08-12,4146005
745,2017-08-13,4150128
746,2017-08-14,4154242
747,2017-08-15,4158384
748,2017-08-16,4162513
749,2017-08-17,4166676
750,2017-08-18,4170814
751,2017-08-19,4174964
752,2017-08-20,4179171
753,2017-08-21,4183341
754,2017-08-22,4187539
755,2017-08-23,4191735
756,2017-08-24,4195944
757,2017-08-25,4200148
758,2017-08-26,4203728
759,2017-08-27,4207237
760,2017-08-28,4210737
761,2017-08-29,4214186
762,2017-08-30,4217721
763,2017-08-31,4221230
764,2017-09-01,4224738
765,2017-09-02,4228268
766,2017-09-03,4231805
767,2017-09-04,4235346
768,2017-09-05,4238871
769,2017-09-06,4242422
770,2017-09-07,4245933
771,2017-09-08,4249469
772,2017-09-09,4253099
773,2017-09-10,4256638
774,2017-09-11,4260187
775,2017-09-12,4263762
776,2017-09-13,4267357
777,2017-09-14,4270893
778,2017-09-15,4274496
779,2017-09-16,4278112
780,2017-09-17,4281695
781,2017-09-18,4285320
782,2017-09-19,4288874
783,2017-09-20,4292537
784,2017-09-21,4296129
785,2017-09-22,4299771
786,2017-09-23,4302840
787,2017-09-24,4305731
788,2017-09-25,4308664
789,2017-09-26,4311516
790,2017-09-27,4314402
791,2017-09-28,4317288
792,2017-09-29,4320180
793,2017-09-30,4322985
794,2017-10-01,4325815
795,2017-10-02,4328665
796,2017-10-03,4331540
797,2017-10-04,4334387
798,2017-10-05,4337260
799,2017-10-06,4340208
800,2017-10-07,4343066
801,2017-10-08,4345920
802,2017-10-09,4348806
803,2017-10-10,4351700
804,2017-10-11,4354588
805,2017-10-12,4357509
806,2017-10-13,4360375
807,2017-10-14,4363292
808,2017-10-15,4366188
809,2017-10-16,4369086
810,2017-10-17,4373369
811,2017-10-18,4379407
812,2017-10-19,4385602
813,2017-10-20,4391912
814,2017-10-21,4398115
815,2017-10-22,4404374
816,2017-10-23,4410624
817,2017-10-24,4416870
818,2017-10-25,4423151
819,2017-10-26,4429324
820,2017-10-27,4435473
821,2017-10-28,4441706
822,2017-10-29,4447947
823,2017-10-30,4454396
824,2017-10-31,4460508
825,2017-11-01,4466742
826,2017-11-02,4472901
827,2017-11-03,4479031
828,2017-11-04,4485252
829,2017-11-05,4491406
830,2017-11-06,4497735
831,2017-11-07,4503918
832,2017-11-08,4510151
833,2017-11-09,4516386
834,2017-11-10,4522602
835,2017-11-11,4528883
836,2017-11-12,4535151
837,2017-11-13,4541359
838,2017-11-14,4547604
839,2017-11-15,4553744
840,2017-11-16,4559953
841,2017-11-17,4566114
842,2017-11-18,4572397
843,2017-11-19,4578579
844,2017-11-20,4584828
845,2017-11-21,4591032
846,2017-11-22,4597203
847,2017-11-23,4603404
848,2017-11-24,4609623
849,2017-11-25,4615863
850,2017-11-26,4622060
851,2017-11-27,4628234
852,2017-11-28,4634295
853,2017-11-29,4640407
854,2017-11-30,4646525
855,2017-12-01,4652680
856,2017-12-02,4658788
857,2017-12-03,4664853
858,2017-12-04,4670893
859,2017-12-05,4676583
860,2017-12-06,4682158
861,2017-12-07,4687634
862,2017-12-08,4693402
863,2017-12-09,4699227
864,2017-12-10,4705040
865,2017-12-11,4710804
866,2017-12-12,4716570
867,2017-12-13,4722299
868,2017-12-14,4727963
869,2017-12-15,4733655
870,2017-12-16,4739444
871,2017-12-17,4745203
872,2017-12-18,4750980
873,2017-12-19,4756793
874,2017-12-20,4762375
875,2017-12-21,4767956
876,2017-12-22,4773528
877,2017-12-23,4779206
878,2017-12-24,4785120
879,2017-12-25,4791081
880,2017-12-26,4797129
881,2017-12-27,4803121
882,2017-12-28,4809070
883,2017-12-29,4814959
884,2017-12-30,4820743
885,2017-12-31,4826540
886,2018-01-01,4832455
887,2018-01-02,4838363
888,2018-01-03,4844133
889,2018-01-04,4849671
890,2018-01-05,4855130
891,2018-01-06,4860472
892,2018-01-07,4865880
893,2018-01-08,4871412
894,2018-01-09,4876834
895,2018-01-10,4882228
896,2018-01-11,4887634
897,2018-01-12,4893033
898,2018-01-13,4898454
899,2018-01-14,4903880
900,2018-01-15,4909500
901,2018-01-16,4914902
902,2018-01-17,4920439
903,2018-01-18,4926006
904,2018-01-19,4931562
905,2018-01-20,4937247
906,2018-01-21,4943111
907,2018-01-22,4948916
908,2018-01-23,4954801
909,2018-01-24,4960710
910,2018-01-25,4966658
911,2018-01-26,4972549
912,2018-01-27,4978488
913,2018-01-28,4984477
914,2018-01-29,4990497
915,2018-01-30,4996429
916,2018-01-31,5002306
917,2018-02-01,5008158
918,2018-02-02,5013943
919,2018-02-03,5019816
920,2018-02-04,5025790
921,2018-02-05,5031758
922,2018-02-06,5037768
923,2018-02-07,5043688
924,2018-02-08,5049629
925,2018-02-09,5055624
926,2018-02-10,5061568
927,2018-02-11,5067562
928,2018-02-12,5073517
929,2018-02-13,5079475
930,2018-02-14,5085425
931,2018-02-15,5091284
932,2018-02-16,5097264
933,2018-02-17,5103223
934,2018-02-18,5109227
935,2018-02-19,5115234
936,2018-02-20,5121147
937,2018-02-21,5126955
938,2018-02-22,5132788
939,2018-02-23,5138689
940,2018-02-24,5144595
941,2018-02-25,5150446
942,2018-02-26,5156307
943,2018-02-27,5162124
944,2018-02-28,5167982
945,2018-03-01,5173866
946,2018-03-02,5179746
947,2018-03-03,5185673
948,2018-03-04,5191599
949,2018-03-05,5197483
950,2018-03-06,5203386
951,2018-03-07,5209275
952,2018-03-08,5215189
953,2018-03-09,5221041
954,2018-03-10,5226932
955,2018-03-11,5232807
956,2018-03-12,5238758
957,2018-03-13,5244595
958,2018-03-14,5250473
959,2018-03-15,5256322
960,2018-03-16,5262182
961,2018-03-17,5268102
962,2018-03-18,5273955
963,2018-03-19,5279893
964,2018-03-20,5285876
965,2018-03-21,5291830
966,2018-03-22,5297765
967,2018-03-23,5303778
968,2018-03-24,5309765
969,2018-03-25,5315774
970,2018-03-26,5321552
971,2018-03-27,5327559
972,2018-03-28,5333503
973,2018-03-29,5339435
974,2018-03-30,5345305
975,2018-03-31,5351236
976,2018-04-01,5357264
977,2018-04-02,5363345
978,2018-04-03,5369402
979,2018-04-04,5375405
980,2018-04-05,5381404
981,2018-04-06,5387414
982,2018-04-07,5393476
983,2018-04-08,5399534
984,2018-04-09,5405601
985,2018-04-10,5411605
986,2018-04-11,5417665
987,2018-04-12,5423656
988,2018-04-13,5429583
989,2018-04-14,5435456
990,2018-04-15,5441422
991,2018-04-16,5447335
992,2018-04-17,5453232
993,2018-04-18,5459112
994,2018-04-19,5464869
995,2018-04-20,5470698
996,2018-04-21,5476442
997,2018-04-22,5482314
998,2018-04-23,5488210
999,2018-04-24,5493992
1000,2018-04-25,5499722
1001,2018-04-26,5505517
1002,2018-04-27,5511365
1003,2018-04-28,5517111
1004,2018-04-29,5522826
1005,2018-04-30,5528658
1006,2018-05-01,5534412
1007,2018-05-02,5540030
1008,2018-05-03,5545714
1009,2018-05-04,5551395
1010,2018-05-05,5557029
1011,2018-05-06,5562760
1012,2018-05-07,5568552
1013,2018-05-08,5574353
1014,2018-05-09,5580113
1015,2018-05-10,5585856
1016,2018-05-11,5591539
1017,2018-05-12,5597263
1018,2018-05-13,5602993
1019,2018-05-14,5608764
1020,2018-05-15,5614426
1021,2018-05-16,5620108
1022,2018-05-17,5625794
1023,2018-05-18,5631510
1024,2018-05-19,5637118
1025,2018-05-20,5642739
1026,2018-05-21,5648402
1027,2018-05-22,5654088
1028,2018-05-23,5659671
1029,2018-05-24,5665312
1030,2018-05-25,5670903
1031,2018-05-26,5676545
1032,2018-05-27,5682237
1033,2018-05-28,5687867
1034,2018-05-29,5693601
1035,2018-05-30,5699225
1036,2018-05-31,5704846
1037,2018-06-01,5710495
1038,2018-06-02,5716093
1039,2018-06-03,5721761
1040,2018-06-04,5727358
1041,2018-06-05,5733053
1042,2018-06-06,5738611
1043,2018-06-07,5744270
1044,2018-06-08,5749913
1045,2018-06-09,5755609
1046,2018-06-10,5761186
1047,2018-06-11,5766835
1048,2018-06-12,5772501
1049,2018-06-13,5778189
1050,2018-06-14,5783924
1051,2018-06-15,5789713
1052,2018-06-16,5795475
1053,2018-06-17,5801367
1054,2018-06-18,5807259
1055,2018-06-19,5813212
1056,2018-06-20,5818999
1057,2018-06-21,5824828
1058,2018-06-22,5830719
1059,2018-06-23,5836570
1060,2018-06-24,5842467
1061,2018-06-25,5848344
1062,2018-06-26,5854032
1063,2018-06-27,5859738
1064,2018-06-28,5865595
1065,2018-06-29,5871372
1066,2018-06-30,5877140
1067,2018-07-01,5882999
1068,2018-07-02,5888853
1069,2018-07-03,5894758
1070,2018-07-04,5900571
1071,2018-07-05,5906440
1072,2018-07-06,5912239
1073,2018-07-07,5918071
1074,2018-07-08,5923890
1075,2018-07-09,5929614
1076,2018-07-10,5935422
1077,2018-07-11,5941248
1078,2018-07-12,5947116
1079,2018-07-13,5953123
1080,2018-07-14,5959072
1081,2018-07-15,5965130
1082,2018-07-16,5971148
1083,2018-07-17,5977015
1084,2018-07-18,5982892
1085,2018-07-19,5988676
1086,2018-07-20,5994461
1087,2018-07-21,6000333
1088,2018-07-22,6006274
1089,2018-07-23,6012252
1090,2018-07-24,6018144
1091,2018-07-25,6023947
1092,2018-07-26,6029826
1093,2018-07-27,6035673
1094,2018-07-28,6041610
1095,2018-07-29,6047528
1096,2018-07-30,6053598
1097,2018-07-31,6059567
1098,2018-08-01,6065456
1099,2018-08-02,6071318
1100,2018-08-03,6077226
1101,2018-08-04,6083066
1102,2018-08-05,6089103
1103,2018-08-06,6095037
1104,2018-08-07,6100969
1105,2018-08-08,6106859
1106,2018-08-09,6112809
1107,2018-08-10,6118701
1108,2018-08-11,6124683
1109,2018-08-12,6130591
1110,2018-08-13,6136435
1111,2018-08-14,6142291
1112,2018-08-15,6148286
1113,2018-08-16,6154221
1114,2018-08-17,6160157
1115,2018-08-18,6166018
1116,2018-08-19,6171895
1117,2018-08-20,6177855
1118,2018-08-21,6183733
1119,2018-08-22,6189704
1120,2018-08-23,6195648
1121,2018-08-24,6201500
1122,2018-08-25,6207447
1123,2018-08-26,6213356
1124,2018-08-27,6219311
1125,2018-08-28,6225258
1126,2018-08-29,6231135
1127,2018-08-30,6237055
1128,2018-08-31,6242963
1129,2018-09-01,6248894
1130,2018-09-02,6254799
1131,2018-09-03,6260815
1132,2018-09-04,6266707
1133,2018-09-05,6272684
1134,2018-09-06,6278650
1135,2018-09-07,6284638
1136,2018-09-08,6290594
1137,2018-09-09,6296532
1138,2018-09-10,6302396
1139,2018-09-11,6308412
1140,2018-09-12,6314404
1141,2018-09-13,6320457
1142,2018-09-14,6326484
1143,2018-09-15,6332506
1144,2018-09-16,6338596
1145,2018-09-17,6344723
1146,2018-09-18,6350764
1147,2018-09-19,6356760
1148,2018-09-20,6362857
1149,2018-09-21,6368893
1150,2018-09-22,6374926
1151,2018-09-23,6381017
1152,2018-09-24,6387086
1153,2018-09-25,6393157
1154,2018-09-26,6399265
1155,2018-09-27,6405382
1156,2018-09-28,6411456
1157,2018-09-29,6417505
1158,2018-09-30,6423691
1159,2018-10-01,6429759
1160,2018-10-02,6435884
1161,2018-10-03,6442025
1162,2018-10-04,6448085
1163,2018-10-05,6454267
1164,2018-10-06,6460340
1165,2018-10-07,6466600
1166,2018-10-08,6472793
1167,2018-10-09,6478992
1168,2018-10-10,6485128
1169,2018-10-11,6491316
1170,2018-10-12,6497465
1171,2018-10-13,6503610
1172,2018-10-14,6509816
1173,2018-10-15,6515983
1174,2018-10-16,6522076
1175,2018-10-17,6528196
1176,2018-10-18,6534349
1177,2018-10-19,6540471
1178,2018-10-20,6546558
1179,2018-10-21,6552698
1180,2018-10-22,6558807
1181,2018-10-23,6564885
1182,2018-10-24,6571035
1183,2018-10-25,6577186
1184,2018-10-26,6583317
1185,2018-10-27,6589380
1186,2018-10-28,6595528
1187,2018-10-29,6601902
1188,2018-10-30,6608023
1189,2018-10-31,6614063
1190,2018-11-01,6620215
1191,2018-11-02,6626300
1192,2018-11-03,6632377
1193,2018-11-04,6638490
1194,2018-11-05,6644614
1195,2018-11-06,6650660
1196,2018-11-07,6656736
1197,2018-11-08,6662849
1198,2018-11-09,6668947
1199,2018-11-10,6675030
1200,2018-11-11,6681155
1201,2018-11-12,6687274
1202,2018-11-13,6693426
1203,2018-11-14,6699498
1204,2018-11-15,6705617
1205,2018-11-16,6711671
1206,2018-11-17,6717836
1207,2018-11-18,6723942
1208,2018-11-19,6730124
1209,2018-11-20,6736124
1210,2018-11-21,6742147
1211,2018-11-22,6748273
1212,2018-11-23,6754351
1213,2018-11-24,6760472
1214,2018-11-25,6766603
1215,2018-11-26,6772735
1216,2018-11-27,6778817
1217,2018-11-28,6784800
1218,2018-11-29,6790843
1219,2018-11-30,6796948
1220,2018-12-01,6803000
1221,2018-12-02,6809067
1222,2018-12-03,6815123
1223,2018-12-04,6821160
1224,2018-12-05,6827208
1225,2018-12-06,6833200
1226,2018-12-07,6839252
1227,2018-12-08,6845231
1228,2018-12-09,6851278
1229,2018-12-10,6857374
1230,2018-12-11,6863530
1231,2018-12-12,6869529
1232,2018-12-13,6875580
1233,2018-12-14,6881673
1234,2018-12-15,6887704
1235,2018-12-16,6893818
1236,2018-12-17,6899871
1237,2018-12-18,6905758
1238,2018-12-19,6911631
1239,2018-12-20,6917470
1240,2018-12-21,6923351
1241,2018-12-22,6929145
1242,2018-12-23,6935071
1243,2018-12-24,6940948
1244,2018-12-25,6946883
1245,2018-12-26,6952818
1246,2018-12-27,6958795
1247,2018-12-28,6964702
1248,2018-12-29,6970589
1249,2018-12-30,6976532
1250,2018-12-31,6982433
1251,2019-01-01,6988382
1252,2019-01-02,6994256
1253,2019-01-03,7000172
1254,2019-01-04,7005774
1255,2019-01-05,7011309
1256,2019-01-06,7016938
1257,2019-01-07,7022522
1258,2019-01-08,7028140
1259,2019-01-09,7033684
1260,2019-01-10,7039288
1261,2019-01-11,7044868
1262,2019-01-12,7050417
1263,2019-01-13,7055993
1264,2019-01-14,7061612
1265,2019-01-15,7067253
1266,2019-01-16,7072832
1267,2019-01-17,7078392
1268,2019-01-18,7083951
1269,2019-01-19,7089597
1270,2019-01-20,7095252
1271,2019-01-21,7100858
1272,2019-01-22,7105953
1273,2019-01-23,7111041
1274,2019-01-24,7116023
1275,2019-01-25,7121128
1276,2019-01-26,7126222
1277,2019-01-27,7131277
1278,2019-01-28,7136315
1279,2019-01-29,7141198
1280,2019-01-30,7146070
1281,2019-01-31,7150979
1282,2019-02-01,7155941
1283,2019-02-02,7160794
1284,2019-02-03,7165719
1285,2019-02-04,7170582
1286,2019-02-05,7175497
1287,2019-02-06,7180414
1288,2019-02-07,7185309
1289,2019-02-08,7190201
1290,2019-02-09,7195135
1291,2019-02-10,7200049
1292,2019-02-11,7204383
1293,2019-02-12,7208559
1294,2019-02-13,7212822
1295,2019-02-14,7217003
1296,2019-02-15,7221151
1297,2019-02-16,7225335
1298,2019-02-17,7229533
1299,2019-02-18,7233713
1300,2019-02-19,7237913
1301,2019-02-20,7242188
1302,2019-02-21,7246432
1303,2019-02-22,7250675
1304,2019-02-23,7254897
1305,2019-02-24,7259250
1306,2019-02-25,7263548
1307,2019-02-26,7267769
1308,2019-02-27,7272051
1309,2019-02-28,7276324
1310,2019-03-01,7280651
1311,2019-03-02,7286582
1312,2019-03-03,7292956
1313,2019-03-04,7299382
1314,2019-03-05,7305744
1315,2019-03-06,7312165
1316,2019-03-07,7318599
1317,2019-03-08,7325015
1318,2019-03-09,7331385
1319,2019-03-10,7337796
1320,2019-03-11,7344309
1321,2019-03-12,7350678
1322,2019-03-13,7357136
1323,2019-03-14,7363515
1324,2019-03-15,7369928
1325,2019-03-16,7376363
1326,2019-03-17,7382894
1327,2019-03-18,7389289
1328,2019-03-19,7395696
1329,2019-03-20,7402091
1330,2019-03-21,7408575
1331,2019-03-22,7414968
1332,2019-03-23,7421348
1333,2019-03-24,7427787
1334,2019-03-25,7434224
1335,2019-03-26,7440629
1336,2019-03-27,7446999
1337,2019-03-28,7453461
1338,2019-03-29,7459817
1339,2019-03-30,7466176
1340,2019-03-31,7472568
1341,2019-04-01,7478704
1342,2019-04-02,7485166
1343,2019-04-03,7491517
1344,2019-04-04,7497813
1345,2019-04-05,7504241
1346,2019-04-06,7510606
1347,2019-04-07,7517111
1348,2019-04-08,7523621
1349,2019-04-09,7530027
1350,2019-04-10,7536444
1351,2019-04-11,7542901
1352,2019-04-12,7549279
1353,2019-04-13,7555702
1354,2019-04-14,7562195
1355,2019-04-15,7568658
1356,2019-04-16,7575082
1357,2019-04-17,7581460
1358,2019-04-18,7587874
1359,2019-04-19,7594246
1360,2019-04-20,7600733
1361,2019-04-21,7607061
1362,2019-04-22,7613532
1363,2019-04-23,7619988
1364,2019-04-24,7626337
1365,2019-04-25,7632647
1366,2019-04-26,7639149
1367,2019-04-27,7645578
1368,2019-04-28,7652081
1369,2019-04-29,7658469
1370,2019-04-30,7664882
1371,2019-05-01,7671308
1372,2019-05-02,7677800
1373,2019-05-03,7684223
1374,2019-05-04,7690571
1375,2019-05-05,7697078
1376,2019-05-06,7703477
1377,2019-05-07,7709840
1378,2019-05-08,7716227
1379,2019-05-09,7722553
1380,2019-05-10,7728910
1381,2019-05-11,7735339
1382,2019-05-12,7741766
1383,2019-05-13,7748215
1384,2019-05-14,7754555
1385,2019-05-15,7761053
1386,2019-05-16,7767504
1387,2019-05-17,7773880
1388,2019-05-18,7780292
1389,2019-05-19,7786699
1390,2019-05-20,7793084
1391,2019-05-21,7799430
1392,2019-05-22,7805755
1393,2019-05-23,7812139
1394,2019-05-24,7818536
1395,2019-05-25,7824895
1396,2019-05-26,7831402
1397,2019-05-27,7837849
1398,2019-05-28,7844247
1399,2019-05-29,7850565
1400,2019-05-30,7857090
1401,2019-05-31,7863450
1402,2019-06-01,7869874
1403,2019-06-02,7876245
1404,2019-06-03,7882656
1405,2019-06-04,7888917
1406,2019-06-05,7895363
1407,2019-06-06,7901741
1408,2019-06-07,7908198
1409,2019-06-08,7914550
1410,2019-06-09,7920924
1411,2019-06-10,7927282
1412,2019-06-11,7933709
1413,2019-06-12,7940108
1414,2019-06-13,7946496
1415,2019-06-14,7952901
1416,2019-06-15,7959307
1417,2019-06-16,7965679
1418,2019-06-17,7972106
1419,2019-06-18,7978472
1420,2019-06-19,7984835
1421,2019-06-20,7991265
1422,2019-06-21,7997614
1423,2019-06-22,8003993
1424,2019-06-23,8010444
1425,2019-06-24,8016887
1426,2019-06-25,8023277
1427,2019-06-26,8029706
1428,2019-06-27,8036120
1429,2019-06-28,8042499
1430,2019-06-29,8048913
1431,2019-06-30,8055327
1432,2019-07-01,8061760
1433,2019-07-02,8068196
1434,2019-07-03,8074621
1435,2019-07-04,8080975
1436,2019-07-05,8087373
1437,2019-07-06,8093799
1438,2019-07-07,8100281
1439,2019-07-08,8106728
1440,2019-07-09,8113183
1441,2019-07-10,8119606
1442,2019-07-11,8126004
1443,2019-07-12,8132466
1444,2019-07-13,8138841
1445,2019-07-14,8145227
1446,2019-07-15,8151766
1447,2019-07-16,8158112
1448,2019-07-17,8164404
1449,2019-07-18,8170789
1450,2019-07-19,8177244
1451,2019-07-20,8183647
1452,2019-07-21,8190158
1453,2019-07-22,8196548
1454,2019-07-23,8203046
1455,2019-07-24,8209485
1456,2019-07-25,8215954
1457,2019-07-26,8222310
1458,2019-07-27,8228715
1459,2019-07-28,8235244
1460,2019-07-29,8241677
1461,2019-07-30,8248069
1462,2019-07-31,8254552
1463,2019-08-01,8260967
1464,2019-08-02,8267318
1465,2019-08-03,8273799
1466,2019-08-04,8280279
1467,2019-08-05,8286768
1468,2019-08-06,8293168
1469,2019-08-07,8299627
1470,2019-08-08,8306102
1471,2019-08-09,8312522
1472,2019-08-10,8318922
1473,2019-08-11,8325435
1474,2019-08-12,8331826
1475,2019-08-13,8338298
1476,2019-08-14,8344749
1477,2019-08-15,8351220
1478,2019-08-16,8357639
1479,2019-08-17,8364059
1480,2019-08-18,8370572
1481,2019-08-19,8376985
1482,2019-08-20,8383384
1483,2019-08-21,8389802
1484,2019-08-22,8396248
1485,2019-08-23,8402656
1486,2019-08-24,8409110
1487,2019-08-25,8415432
1488,2019-08-26,8421970
1489,2019-08-27,8428365
1490,2019-08-28,8434759
1491,2019-08-29,8441191
1492,2019-08-30,8447693
1493,2019-08-31,8454070
1494,2019-09-01,8460520
1495,2019-09-02,8466895
1496,2019-09-03,8473342
1497,2019-09-04,8479764
1498,2019-09-05,8486151
1499,2019-09-06,8492594
1500,2019-09-07,8498953
1501,2019-09-08,8505420
1502,2019-09-09,8511799
1503,2019-09-10,8518224
1504,2019-09-11,8524630
1505,2019-09-12,8531021
1506,2019-09-13,8537500
1507,2019-09-14,8543795
1508,2019-09-15,8550238
1509,2019-09-16,8556628
1510,2019-09-17,8563082
1511,2019-09-18,8569492
1512,2019-09-19,8575982
1513,2019-09-20,8582315
1514,2019-09-21,8588749
1515,2019-09-22,8595179
1516,2019-09-23,8601553
1517,2019-09-24,8607978
1518,2019-09-25,8614297
1519,2019-09-26,8620666
1520,2019-09-27,8627074
1521,2019-09-28,8633434
1522,2019-09-29,8639850
1523,2019-09-30,8646239
1524,2019-10-01,8652613
1525,2019-10-02,8659031
1526,2019-10-03,8665398
1527,2019-10-04,8671784
1528,2019-10-05,8678228
1529,2019-10-06,8684633
1530,2019-10-07,8691091
1531,2019-10-08,8697502
1532,2019-10-09,8703892
1533,2019-10-10,8710213
1534,2019-10-11,8716555
1535,2019-10-12,8722929
1536,2019-10-13,8729245
1537,2019-10-14,8735640
1538,2019-10-15,8742000
1539,2019-10-16,8748421
1540,2019-10-17,8754746
1541,2019-10-18,8761071
1542,2019-10-19,8767400
1543,2019-10-20,8773778
1544,2019-10-21,8780144
1545,2019-10-22,8786406
1546,2019-10-23,8792821
1547,2019-10-24,8799188
1548,2019-10-25,8805475
1549,2019-10-26,8811608
1550,2019-10-27,8817845
1551,2019-10-28,8824314
1552,2019-10-29,8830537
1553,2019-10-30,8836754
1554,2019-10-31,8842969
1555,2019-11-01,8849212
1556,2019-11-02,8855453
1557,2019-11-03,8861683
1558,2019-11-04,8867942
1559,2019-11-05,8874100
1560,2019-11-06,8880351
1561,2019-11-07,8886544
1562,2019-11-08,8892731
1563,2019-11-09,8898928
1564,2019-11-10,8905020
1565,2019-11-11,8911055
1566,2019-11-12,8917046
1567,2019-11-13,8923067
1568,2019-11-14,8929068
1569,2019-11-15,8935073
1570,2019-11-16,8941091
1571,2019-11-17,8947107
1572,2019-11-18,8953118
1573,2019-11-19,8959071
1574,2019-11-20,8964999
1575,2019-11-21,8970986
1576,2019-11-22,8977068
1577,2019-11-23,8983036
1578,2019-11-24,8989093
1579,2019-11-25,8995089
1580,2019-11-26,9001028
1581,2019-11-27,9006680
1582,2019-11-28,9012328
1583,2019-11-29,9017938
1584,2019-11-30,9023579
1585,2019-12-01,9029272
1586,2019-12-02,9034863
1587,2019-12-03,9040529
1588,2019-12-04,9046183
1589,2019-12-05,9051754
1590,2019-12-06,9057389
1591,2019-12-07,9062971
1592,2019-12-08,9068654
1593,2019-12-09,9074258
1594,2019-12-10,9079922
1595,2019-12-11,9085616
1596,2019-12-12,9091204
1597,2019-12-13,9096886
1598,2019-12-14,9102390
1599,2019-12-15,9107548
1600,2019-12-16,9112651
1601,2019-12-17,9117765
1602,2019-12-18,9122803
1603,2019-12-19,9127782
1604,2019-12-20,9132824
1605,2019-12-21,9137789
1606,2019-12-22,9142865
1607,2019-12-23,9147862
1608,2019-12-24,9152890
1609,2019-12-25,9157924
1610,2019-12-26,9162963
1611,2019-12-27,9167931
1612,2019-12-28,9172947
1613,2019-12-29,9178029
1614,2019-12-30,9183031
1615,2019-12-31,9188046
1616,2020-01-01,9193042
1617,2020-01-02,9198038
1618,2020-01-03,9203646
1619,2020-01-04,9210194
1620,2020-01-05,9216761
1621,2020-01-06,9223235
1622,2020-01-07,9229809
1623,2020-01-08,9236350
1624,2020-01-09,9242853
1625,2020-01-10,9249365
1626,2020-01-11,9255931
1627,2020-01-12,9262463
1628,2020-01-13,9268991
1629,2020-01-14,9275501
1630,2020-01-15,9282024
1631,2020-01-16,9288526
1632,2020-01-17,9295061
1633,2020-01-18,9301594
1634,2020-01-19,9308142
1635,2020-01-20,9314689
1636,2020-01-21,9321202
1637,2020-01-22,9327762
1638,2020-01-23,9334220
1639,2020-01-24,9340798
1640,2020-01-25,9347327
1641,2020-01-26,9353825
1642,2020-01-27,9360314
1643,2020-01-28,9366875
1644,2020-01-29,9373383
1645,2020-01-30,9379957
1646,2020-01-31,9386396
1647,2020-02-01,9392884
1648,2020-02-02,9399380
1649,2020-02-03,9405916
1650,2020-02-04,9412447
1651,2020-02-05,9418999
1652,2020-02-06,9425449
1653,2020-02-07,9431971
1654,2020-02-08,9438495
1655,2020-02-09,9444928
1656,2020-02-10,9451429
1657,2020-02-11,9458028
1658,2020-02-12,9464568
1659,2020-02-13,9471020
1660,2020-02-14,9477490
1661,2020-02-15,9484010
1662,2020-02-16,9490476
1663,2020-02-17,9497033
1664,2020-02-18,9503479
1665,2020-02-19,9509946
1666,2020-02-20,9516502
1667,2020-02-21,9522949
1668,2020-02-22,9529450
1669,2020-02-23,9535971
1670,2020-02-24,9542514
1671,2020-02-25,9549000
1672,2020-02-26,9555460
1673,2020-02-27,9562004
1674,2020-02-28,9568512
1675,2020-02-29,9574987
1676,2020-03-01,9581526
1677,2020-03-02,9588025
1678,2020-03-03,9594529
1679,2020-03-04,9601058
1680,2020-03-05,9607541
1681,2020-03-06,9614012
1682,2020-03-07,9620532
1683,2020-03-08,9627095
1684,2020-03-09,9633649
1685,2020-03-10,9640078
1686,2020-03-11,9646591
1687,2020-03-12,9653099
1688,2020-03-13,9659551
1689,2020-03-14,9665936
1690,2020-03-15,9672431
1691,2020-03-16,9678946
1692,2020-03-17,9685435
1693,2020-03-18,9691949
1694,2020-03-19,9698454
1695,2020-03-20,9704923
1696,2020-03-21,9711423
1697,2020-03-22,9717844
1698,2020-03-23,9724163
1699,2020-03-24,9730590
1700,2020-03-25,9736959
1701,2020-03-26,9743291
1702,2020-03-27,9749774
1703,2020-03-28,9756327
1704,2020-03-29,9762848
1705,2020-03-30,9769103
1706,2020-03-31,9775594
1707,2020-04-01,9782036
1708,2020-04-02,9788622
1709,2020-04-03,9795104
1710,2020-04-04,9801651
1711,2020-04-05,9808106
1712,2020-04-06,9814665
1713,2020-04-07,9821056
1714,2020-04-08,9827621
1715,2020-04-09,9834107
1716,2020-04-10,9840596
1717,2020-04-11,9847089
1718,2020-04-12,9853541
1719,2020-04-13,9860106
1720,2020-04-14,9866607
1721,2020-04-15,9873125
1722,2020-04-16,9879596
1723,2020-04-17,9886085
1724,2020-04-18,9892511
1725,2020-04-19,9898956
1726,2020-04-20,9905410
1727,2020-04-21,9911895
1728,2020-04-22,9918374
1729,2020-04-23,9924822
1730,2020-04-24,9931258
1731,2020-04-25,9937769
1732,2020-04-26,9944196
1733,2020-04-27,9950656
1734,2020-04-28,9957085
1735,2020-04-29,9963528
1736,2020-04-30,9970060
1737,2020-05-01,9976404
1738,2020-05-02,9982917
1739,2020-05-03,9989374
1740,2020-05-04,9995795
1741,2020-05-05,10002324
1742,2020-05-06,10008809
1743,2020-05-07,10015242
1744,2020-05-08,10021695
1745,2020-05-09,10028155
1746,2020-05-10,10034588
1747,2020-05-11,10041024
1748,2020-05-12,10047500
1749,2020-05-13,10053902
1750,2020-05-14,10060393
1751,2020-05-15,10066793
1752,2020-05-16,10073235
1753,2020-05-17,10079667
1754,2020-05-18,10086164
1755,2020-05-19,10092533
1756,2020-05-20,10098949
1757,2020-05-21,10105368
1758,2020-05-22,10111795
1759,2020-05-23,10118193
1760,2020-05-24,10124700
1761,2020-05-25,10131126
1762,2020-05-26,10137481
1763,2020-05-27,10143924
1764,2020-05-28,10150414
1765,2020-05-29,10156770
1766,2020-05-30,10163229
1767,2020-05-31,10169711
1768,2020-06-01,10176146
1769,2020-06-02,10182529
1770,2020-06-03,10189007
1771,2020-06-04,10195409
1772,2020-06-05,10201861
1773,2020-06-06,10208339
1774,2020-06-07,10214737
1775,2020-06-08,10221238
1776,2020-06-09,10227664
1777,2020-06-10,10234103
1778,2020-06-11,10240507
1779,2020-06-12,10246978
1780,2020-06-13,10253462
1781,2020-06-14,10259946
1782,2020-06-15,10266446
1783,2020-06-16,10272944
1784,2020-06-17,10279351
1785,2020-06-18,10285789
1786,2020-06-19,10292242
1787,2020-06-20,10298774
1788,2020-06-21,10305221
1789,2020-06-22,10311671
1790,2020-06-23,10318140
1791,2020-06-24,10324598
1792,2020-06-25,10331048
1793,2020-06-26,10337555
1794,2020-06-27,10343978
1795,2020-06-28,10350350
1796,2020-06-29,10356852
1797,2020-06-30,10363234
1798,2020-07-01,10369718
1799,2020-07-02,10376113
1800,2020-07-03,10382532
1801,2020-07-04,10389062
1802,2020-07-05,10395502
1803,2020-07-06,10401966
1804,2020-07-07,10408450
1805,2020-07-08,10414921
1806,2020-07-09,10421443
1807,2020-07-10,10427833
1808,2020-07-11,10434268
1809,2020-07-12,10440811
1810,2020-07-13,10447282
1811,2020-07-14,10453781
1812,2020-07-15,10460192
1813,2020-07-16,10466647
1814,2020-07-17,10473082
1815,2020-07-18,10479526
1816,2020-07-19,10486016
1817,2020-07-20,10492493
1818,2020-07-21,10498923
1819,2020-07-22,10505338
1820,2020-07-23,10511762
1821,2020-07-24,10518273
1822,2020-07-25,10524811
1823,2020-07-26,10531160
1824,2020-07-27,10537634
1825,2020-07-28,10544076
1826,2020-07-29,10550578
1827,2020-07-30,10557091
1828,2020-07-31,10563454
1829,2020-08-01,10569962
1830,2020-08-02,10576481
1831,2020-08-03,10582940
1832,2020-08-04,10589407
1833,2020-08-05,10595855
1834,2020-08-06,10602317
1835,2020-08-07,10608788
1836,2020-08-08,10615309
1837,2020-08-09,10621745
1838,2020-08-10,10628262
1839,2020-08-11,10634758
1840,2020-08-12,10641222
1841,2020-08-13,10647727
1842,2020-08-14,10654219
1843,2020-08-15,10660711
1844,2020-08-16,10667201
1845,2020-08-17,10673696
1846,2020-08-18,10680114
1847,2020-08-19,10686627
1848,2020-08-20,10693117
1849,2020-08-21,10699660
1850,2020-08-22,10706141
1851,2020-08-23,10712646
1852,2020-08-24,10719183
1853,2020-08-25,10725697
1854,2020-08-26,10732173
1855,2020-08-27,10738727
1856,2020-08-28,10745185
1857,2020-08-29,10751750
1858,2020-08-30,10758267
1859,2020-08-31,10764787
1860,2020-09-01,10771353
1861,2020-09-02,10777896
1862,2020-09-03,10784395
1863,2020-09-04,10790913
1864,2020-09-05,10797455
1865,2020-09-06,10804020
1866,2020-09-07,10810633
1867,2020-09-08,10817110
1868,2020-09-09,10823611
1869,2020-09-10,10830124
1870,2020-09-11,10836623
1871,2020-09-12,10843167
1872,2020-09-13,10849718
1873,2020-09-14,10856216
1874,2020-09-15,10862676
1875,2020-09-16,10869238
1876,2020-09-17,10875707
1877,2020-09-18,10882318
1878,2020-09-19,10888736
1879,2020-09-20,10895261
1880,2020-09-21,10901847
1881,2020-09-22,10908450
1882,2020-09-23,10914844
1883,2020-09-24,10921389
1884,2020-09-25,10927895
1885,2020-09-26,10934368
1886,2020-09-27,10940763
1887,2020-09-28,10947171
1888,2020-09-29,10953532
1889,2020-09-30,10959918
1890,2020-10-01,10966307
1891,2020-10-02,10972765
1892,2020-10-03,10979151
1893,2020-10-04,10985514
1894,2020-10-05,10991886
1895,2020-10-06,10998325
1896,2020-10-07,11004750
1897,2020-10-08,11011137
1898,2020-10-09,11017421
1899,2020-10-10,11023782
1900,2020-10-11,11030300
1901,2020-10-12,11036847
1902,2020-10-13,11043354
1903,2020-10-14,11049880
1904,2020-10-15,11056376
1905,2020-10-16,11063006
1906,2020-10-17,11069525
1907,2020-10-18,11075998
1908,2020-10-19,11082490
1909,2020-10-20,11089064
1910,2020-10-21,11095614
1911,2020-10-22,11102077
1912,2020-10-23,11108615
1913,2020-10-24,11115123
1914,2020-10-25,11121690
1915,2020-10-26,11128439
1916,2020-10-27,11134914
1917,2020-10-28,11141469
1918,2020-10-29,11148021
1919,2020-10-30,11154563
1920,2020-10-31,11160980
1921,2020-11-01,11167523
1922,2020-11-02,11174054
1923,2020-11-03,11180526
1924,2020-11-04,11187031
1925,2020-11-05,11193569
1926,2020-11-06,11200089
1927,2020-11-07,11206630
1928,2020-11-08,11213128
1929,2020-11-09,11219646
1930,2020-11-10,11226178
1931,2020-11-11,11232621
1932,2020-11-12,11239148
1933,2020-11-13,11245674
1934,2020-11-14,11252189
1935,2020-11-15,11258737
1936,2020-11-16,11265310
1937,2020-11-17,11271761
1938,2020-11-18,11278286
1939,2020-11-19,11284762
1940,2020-11-20,11291344
1941,2020-11-21,11297797
1942,2020-11-22,11304390
1943,2020-11-23,11310884
1944,2020-11-24,11317322
1945,2020-11-25,11323881
1946,2020-11-26,11330349
1947,2020-11-27,11336883
1948,2020-11-28,11343336
1949,2020-11-29,11349933
1950,2020-11-30,11356429
1951,2020-12-01,11362985
1952,2020-12-02,11369509
1953,2020-12-03,11375957
1954,2020-12-04,11382506
1955,2020-12-05,11388982
1956,2020-12-06,11395466
1957,2020-12-07,11402012
1958,2020-12-08,11408486
1959,2020-12-09,11415004
1960,2020-12-10,11421545
1961,2020-12-11,11428018
1962,2020-12-12,11434516
1963,2020-12-13,11440962
1964,2020-12-14,11447463
1965,2020-12-15,11453987
1966,2020-12-16,11460498
1967,2020-12-17,11467015
1968,2020-12-18,11473524
1969,2020-12-19,11480032
1970,2020-12-20,11486535
1971,2020-12-21,11493083
1972,2020-12-22,11499618
1973,2020-12-23,11506124
1974,2020-12-24,11512693
1975,2020-12-25,11519165
1976,2020-12-26,11525623
1977,2020-12-27,11532175
1978,2020-12-28,11538715
1979,2020-12-29,11545305
1980,2020-12-30,11551728
1981,2020-12-31,11558269
1982,2021-01-01,11564730
1983,2021-01-02,11571288
1984,2021-01-03,11577876
1985,2021-01-04,11584373
1986,2021-01-05,11590868
1987,2021-01-06,11597412
1988,2021-01-07,11603902
1989,2021-01-08,11610368
1990,2021-01-09,11616922
1991,2021-01-10,11623430
1992,2021-01-11,11629966
1993,2021-01-12,11636493
1994,2021-01-13,11643046
1995,2021-01-14,11649602
1996,2021-01-15,11656028
1997,2021-01-16,11662584
1998,2021-01-17,11669099
1999,2021-01-18,11675593
2000,2021-01-19,11682080
2001,2021-01-20,11688619
2002,2021-01-21,11695210
2003,2021-01-22,11701674
2004,2021-01-23,11708164
2005,2021-01-24,11714700
2006,2021-01-25,11721198
2007,2021-01-26,11727740
2008,2021-01-27,11734219
2009,2021-01-28,11740704
2010,2021-01-29,11747197
2011,2021-01-30,11753619
2012,2021-01-31,11760059
2013,2021-02-01,11766660
2014,2021-02-02,11773174
2015,2021-02-03,11779630
2016,2021-02-04,11786122
2017,2021-02-05,11792658
2018,2021-02-06,11799105
2019,2021-02-07,11805604
2020,2021-02-08,11812162
2021,2021-02-09,11818645
2022,2021-02-10,11825125
2023,2021-02-11,11831656
2024,2021-02-12,11838142
2025,2021-02-13,11844726
2026,2021-02-14,11851085
2027,2021-02-15,11857695
2028,2021-02-16,11864169
2029,2021-02-17,11870680
2030,2021-02-18,11877205
2031,2021-02-19,11883655
2032,2021-02-20,11890216
2033,2021-02-21,11896705
2034,2021-02-22,11903190
2035,2021-02-23,11909709
2036,2021-02-24,11916224
2037,2021-02-25,11922666
2038,2021-02-26,11929172
2039,2021-02-27,11935716
2040,2021-02-28,11942200
2041,2021-03-01,11948675
2042,2021-03-02,11955176
2043,2021-03-03,11961701
2044,2021-03-04,11968140
2045,2021-03-05,11974646
2046,2021-03-06,11981179
2047,2021-03-07,11987722
2048,2021-03-08,11994207
2049,2021-03-09,12000721
2050,2021-03-10,12007150
2051,2021-03-11,12013667
2052,2021-03-12,12020108
2053,2021-03-13,12026532
2054,2021-03-14,12033058
2055,2021-03-15,12039597
2056,2021-03-16,12046034
2057,2021-03-17,12052573
2058,2021-03-18,12059030
2059,2021-03-19,12065515
2060,2021-03-20,12072024
2061,2021-03-21,12078551
2062,2021-03-22,12085008
2063,2021-03-23,12091493
2064,2021-03-24,12097968
2065,2021-03-25,12104457
2066,2021-03-26,12110968
2067,2021-03-27,12117509
2068,2021-03-28,12123985
2069,2021-03-29,12130202
2070,2021-03-30,12136680
2071,2021-03-31,12143246
2072,2021-04-01,12149727
2073,2021-04-02,12156185
2074,2021-04-03,12162711
2075,2021-04-04,12169181
2076,2021-04-05,12175763
2077,2021-04-06,12182255
2078,2021-04-07,12188771
2079,2021-04-08,12195277
2080,2021-04-09,12201769
2081,2021-04-10,12208218
2082,2021-04-11,12214753
2083,2021-04-12,12221317
2084,2021-04-13,12227845
2085,2021-04-14,12234328
2086,2021-04-15,12240767
2087,2021-04-16,12247282
2088,2021-04-17,12253707
2089,2021-04-18,12260147
2090,2021-04-19,12266684
2091,2021-04-20,12273073
2092,2021-04-21,12279660
2093,2021-04-22,12286123
2094,2021-04-23,12292585
2095,2021-04-24,12299067
2096,2021-04-25,12305526
2097,2021-04-26,12312013
2098,2021-04-27,12318524
2099,2021-04-28,12325023
2100,2021-04-29,12331492
2101,2021-04-30,12337959
2102,2021-05-01,12344379
2103,2021-05-02,12350909
2104,2021-05-03,12357326
2105,2021-05-04,12363818
2106,2021-05-05,12370342
2107,2021-05-06,12376816
2108,2021-05-07,12383329
2109,2021-05-08,12389734
2110,2021-05-09,12396248
2111,2021-05-10,12402729
2112,2021-05-11,12409233
2113,2021-05-12,12415683
2114,2021-05-13,12422133
2115,2021-05-14,12428659
2116,2021-05-15,12435118
2117,2021-05-16,12441601
2118,2021-05-17,12448058
2119,2021-05-18,12454490
2120,2021-05-19,12460959
2121,2021-05-20,12467368
2122,2021-05-21,12473839
2123,2021-05-22,12480258
2124,2021-05-23,12486693
2125,2021-05-24,12493181
2126,2021-05-25,12499634
2127,2021-05-26,12506049
2128,2021-05-27,12512496
2129,2021-05-28,12518896
2130,2021-05-29,12525366
2131,2021-05-30,12531825
2132,2021-05-31,12538274
2133,2021-06-01,12544712
2134,2021-06-02,12551161
2135,2021-06-03,12557671
2136,2021-06-04,12564077
2137,2021-06-05,12570590
2138,2021-06-06,12577009
2139,2021-06-07,12583535
2140,2021-06-08,12589969
2141,2021-06-09,12596446
2142,2021-06-10,12602879
2143,2021-06-11,12609355
2144,2021-06-12,12615798
2145,2021-06-13,12622222
2146,2021-06-14,12628688
2147,2021-06-15,12635162
2148,2021-06-16,12641663
2149,2021-06-17,12648034
2150,2021-06-18,12654511
2151,2021-06-19,12660942
2152,2021-06-20,12667351
2153,2021-06-21,12673774
2154,2021-06-22,12680173
2155,2021-06-23,12686617
2156,2021-06-24,12692997
2157,2021-06-25,12699406
2158,2021-06-26,12705746
2159,2021-06-27,12712182
2160,2021-06-28,12718639
2161,2021-06-29,12725114
2162,2021-06-30,12731463
2163,2021-07-01,12737969
2164,2021-07-02,12744302
2165,2021-07-03,12750793
2166,2021-07-04,12757185
2167,2021-07-05,12763602
2168,2021-07-06,12770053
2169,2021-07-07,12776460
2170,2021-07-08,12782858
2171,2021-07-09,12789307
2172,2021-07-10,12795726
2173,2021-07-11,12802179
2174,2021-07-12,12808585
2175,2021-07-13,12815023
2176,2021-07-14,12821328
2177,2021-07-15,12827672
2178,2021-07-16,12834098
2179,2021-07-17,12840423
2180,2021-07-18,12846789
2181,2021-07-19,12853144
2182,2021-07-20,12859570
2183,2021-07-21,12865970
2184,2021-07-22,12872344
2185,2021-07-23,12878749
2186,2021-07-24,12885169
2187,2021-07-25,12891588
2188,2021-07-26,12897979
2189,2021-07-27,12904332
2190,2021-07-28,12910615
2191,2021-07-29,12916909
2192,2021-07-30,12923235
2193,2021-07-31,12929515
2194,2021-08-01,12935810
2195,2021-08-02,12942173
2196,2021-08-03,12948490
2197,2021-08-04,12954859
2198,2021-08-05,12961207
2199,2021-08-06,12967524
2200,2021-08-07,12973948
2201,2021-08-08,12980529
2202,2021-08-09,12987023
2203,2021-08-10,12993534
2204,2021-08-11,13000037
2205,2021-08-12,13006445
2206,2021-08-13,13012938
2207,2021-08-14,13019417
2208,2021-08-15,13025877
2209,2021-08-16,13032351
2210,2021-08-17,13038840
2211,2021-08-18,13045358
2212,2021-08-19,13051781
2213,2021-08-20,13058324
2214,2021-08-21,13064743
2215,2021-08-22,13071208
2216,2021-08-23,13077725
2217,2021-08-24,13084137
2218,2021-08-25,13090670
2219,2021-08-26,13097060
2220,2021-08-27,13103596
2221,2021-08-28,13110011
2222,2021-08-29,13116470
2223,2021-08-30,13122954
2224,2021-08-31,13129441
2225,2021-09-01,13135896
2226,2021-09-02,13142319
2227,2021-09-03,13148889
2228,2021-09-04,13155329
2229,2021-09-05,13161797
2230,2021-09-06,13168274
2231,2021-09-07,13174740
2232,2021-09-08,13181214
2233,2021-09-09,13187688
2234,2021-09-10,13194159
2235,2021-09-11,13200582
2236,2021-09-12,13207023
2237,2021-09-13,13213521
2238,2021-09-14,13219963
2239,2021-09-15,13226403
2240,2021-09-16,13232883
2241,2021-09-17,13239335
2242,2021-09-18,13245796
2243,2021-09-19,13252293
2244,2021-09-20,13258775
2245,2021-09-21,13265228
2246,2021-09-22,13271726
2247,2021-09-23,13278142
2248,2021-09-24,13284548
2249,2021-09-25,13291009
2250,2021-09-26,13297565
2251,2021-09-27,13303982
2252,2021-09-28,13310417
2253,2021-09-29,13316792
2254,2021-09-30,13323244
2255,2021-10-01,13329599
2256,2021-10-02,13336014
2257,2021-10-03,13342445
2258,2021-10-04,13348803
2259,2021-10-05,13355170
2260,2021-10-06,13361574
2261,2021-10-07,13367976
2262,2021-10-08,13374347
2263,2021-10-09,13380734
2264,2021-10-10,13387095
2265,2021-10-11,13393451
2266,2021-10-12,13399826
2267,2021-10-13,13406219
2268,2021-10-14,13412553
2269,2021-10-15,13418845
2270,2021-10-16,13425181
2271,2021-10-17,13431603
2272,2021-10-18,13438014
2273,2021-10-19,13444322
2274,2021-10-20,13450738
2275,2021-10-21,13457115
2276,2021-10-22,13463558
2277,2021-10-23,13469977
2278,2021-10-24,13476377
2279,2021-10-25,13482705
2280,2021-10-26,13489141
2281,2021-10-27,13495544
2282,2021-10-28,13501908
2283,2021-10-29,13508257
2284,2021-10-30,13514645
2285,2021-10-31,13520996
2286,2021-11-01,13527622
2287,2021-11-02,13534025
2288,2021-11-03,13540324
2289,2021-11-04,13546700
2290,2021-11-05,13552999
2291,2021-11-06,13559426
2292,2021-11-07,13565779
2293,2021-11-08,13572229
2294,2021-11-09,13578562
2295,2021-11-10,13584945
2296,2021-11-11,13591335
2297,2021-11-12,13597699
2298,2021-11-13,13604105
2299,2021-11-14,13610444
2300,2021-11-15,13616792
2301,2021-11-16,13623124
2302,2021-11-17,13629362
2303,2021-11-18,13635759
2304,2021-11-19,13642132
2305,2021-11-20,13648325
2306,2021-11-21,13654653
2307,2021-11-22,13660949
2308,2021-11-23,13667296
2309,2021-11-24,13673627
2310,2021-11-25,13679973
2311,2021-11-26,13686259
2312,2021-11-27,13692510
2313,2021-11-28,13698857
2314,2021-11-29,13705116
2315,2021-11-30,13711337
2316,2021-12-01,13717596
2317,2021-12-02,13723832
2318,2021-12-03,13730069
2319,2021-12-04,13736341
2320,2021-12-05,13742525
2321,2021-12-06,13748749
2322,2021-12-07,13755041
2323,2021-12-08,13761314
2324,2021-12-09,13767562
2325,2021-12-10,13773808
2326,2021-12-11,13780237
2327,2021-12-12,13786687
2328,2021-12-13,13793238
2329,2021-12-14,13799734
2330,2021-12-15,13806113
2331,2021-12-16,13812572
2332,2021-12-17,13819000
2333,2021-12-18,13825460
2334,2021-12-19,13831965
2335,2021-12-20,13838401
2336,2021-12-21,13844960
2337,2021-12-22,13851402
2338,2021-12-23,13857804
2339,2021-12-24,13864271
2340,2021-12-25,13870732
2341,2021-12-26,13877169
2342,2021-12-27,13883655
2343,2021-12-28,13890120
2344,2021-12-29,13896574
2345,2021-12-30,13903090
2346,2021-12-31,13909528
2347,2022-01-01,13915898
2348,2022-01-02,13922379
2349,2022-01-03,13928887
2350,2022-01-04,13935373
2351,2022-01-05,13941835
2352,2022-01-06,13948293
2353,2022-01-07,13954705
2354,2022-01-08,13961137
2355,2022-01-09,13967654
2356,2022-01-10,13974165
2357,2022-01-11,13980582
2358,2022-01-12,13987102
2359,2022-01-13,13993555
2360,2022-01-14,14000001
2361,2022-01-15,14006470
2362,2022-01-16,14012929
2363,2022-01-17,14019388
2364,2022-01-18,14025906
2365,2022-01-19,14032381
2366,2022-01-20,14038832
2367,2022-01-21,14045324
2368,2022-01-22,14051731
2369,2022-01-23,14058251
2370,2022-01-24,14064734
2371,2022-01-25,14071160
2372,2022-01-26,14077624
2373,2022-01-27,14084067
2374,2022-01-28,14090543
2375,2022-01-29,14097013
2376,2022-01-30,14103512
2377,2022-01-31,14110027
2378,2022-02-01,14116506
2379,2022-02-02,14122991
2380,2022-02-03,14129451
2381,2022-02-04,14135847
2382,2022-02-05,14142427
2383,2022-02-06,14148823
2384,2022-02-07,14155343
2385,2022-02-08,14161831
2386,2022-02-09,14168272
2387,2022-02-10,14174705
2388,2022-02-11,14181161
2389,2022-02-12,14187650
2390,2022-02-13,14194138
2391,2022-02-14,14200624
2392,2022-02-15,14207065
2393,2022-02-16,14213568
2394,2022-02-17,14220010
2395,2022-02-18,14226504
2396,2022-02-19,14232897
2397,2022-02-20,14239300
2398,2022-02-21,14245805
2399,2022-02-22,14252246
2400,2022-02-23,14258708
2401,2022-02-24,14265205
2402,2022-02-25,14271663
2403,2022-02-26,14278109
2404,2022-02-27,14284578
2405,2022-02-28,14291083
2406,2022-03-01,14297481
2407,2022-03-02,14303989
2408,2022-03-03,14310425
2409,2022-03-04,14316861
2410,2022-03-05,14323336
2411,2022-03-06,14329719
2412,2022-03-07,14336127
2413,2022-03-08,14342558
2414,2022-03-09,14348992
2415,2022-03-10,14355452
2416,2022-03-11,14361950
2417,2022-03-12,14368301
2418,2022-03-13,14374789
2419,2022-03-14,14381148
2420,2022-03-15,14387578
2421,2022-03-16,14394003
2422,2022-03-17,14400384
2423,2022-03-18,14406817
2424,2022-03-19,14413229
2425,2022-03-20,14419671
2426,2022-03-21,14426083
2427,2022-03-22,14432513
2428,2022-03-23,14438958
2429,2022-03-24,14445408
2430,2022-03-25,14451797
2431,2022-03-26,14458229
2432,2022-03-27,14464631
2433,2022-03-28,14470800
2434,2022-03-29,14477236
2435,2022-03-30,14483674
2436,2022-03-31,14490084
2437,2022-04-01,14496497
2438,2022-04-02,14502930
2439,2022-04-03,14509292
2440,2022-04-04,14515691
2441,2022-04-05,14522058
2442,2022-04-06,14528482
2443,2022-04-07,14534881
2444,2022-04-08,14541326
2445,2022-04-09,14547660
2446,2022-04-10,14554091
2447,2022-04-11,14560508
2448,2022-04-12,14566924
2449,2022-04-13,14573325
2450,2022-04-14,14579708
2451,2022-04-15,14586105
2452,2022-04-16,14592504
2453,2022-04-17,14598907
2454,2022-04-18,14605299
2455,2022-04-19,14611700
2456,2022-04-20,14618130
2457,2022-04-21,14624519
2458,2022-04-22,14630830
2459,2022-04-23,14637208
2460,2022-04-24,14643627
2461,2022-04-25,14649990
2462,2022-04-26,14656311
2463,2022-04-27,14662636
2464,2022-04-28,14669035
2465,2022-04-29,14675350
2466,2022-04-30,14681754
2467,2022-05-01,14688134
2468,2022-05-02,14694494
2469,2022-05-03,14700794
2470,2022-05-04,14707182
2471,2022-05-05,14713434
2472,2022-05-06,14719717
2473,2022-05-07,14726036
2474,2022-05-08,14732300
2475,2022-05-09,14738632
2476,2022-05-10,14744848
2477,2022-05-11,14751058
2478,2022-05-12,14757383
2479,2022-05-13,14763588
2480,2022-05-14,14769932
2481,2022-05-15,14776158
2482,2022-05-16,14782494
2483,2022-05-17,14788736
2484,2022-05-18,14795023
2485,2022-05-19,14801295
2486,2022-05-20,14807390
2487,2022-05-21,14813549
2488,2022-05-22,14819706
2489,2022-05-23,14825860
2490,2022-05-24,14832046
2491,2022-05-25,14838182
2492,2022-05-26,14844313
2493,2022-05-27,14850399
2494,2022-05-28,14856602
2495,2022-05-29,14862764
2496,2022-05-30,14868917
2497,2022-05-31,14875056
2498,2022-06-01,14881160
2499,2022-06-02,14887281
2500,2022-06-03,14893414
2501,2022-06-04,14899576
2502,2022-06-05,14905494
2503,2022-06-06,14911403
2504,2022-06-07,14917273
2505,2022-06-08,14923161
2506,2022-06-09,14929069
2507,2022-06-10,14934892
2508,2022-06-11,14940765
2509,2022-06-12,14946645
2510,2022-06-13,14952493
2511,2022-06-14,14958309
2512,2022-06-15,14964070
2513,2022-06-16,14969824
2514,2022-06-17,14975647
2515,2022-06-18,14981509
2516,2022-06-19,14987319
2517,2022-06-20,14993065
2518,2022-06-21,14998886
2519,2022-06-22,15004429
2520,2022-06-23,15009758
2521,2022-06-24,15015052
2522,2022-06-25,15020443
2523,2022-06-26,15025795
2524,2022-06-27,15031102
2525,2022-06-28,15036490
2526,2022-06-29,15041832
2527,2022-06-30,15047125
2528,2022-07-01,15052748
2529,2022-07-02,15059103
2530,2022-07-03,15065647
2531,2022-07-04,15072154
2532,2022-07-05,15078620
2533,2022-07-06,15085095
2534,2022-07-07,15091557
2535,2022-07-08,15097963
2536,2022-07-09,15104547
2537,2022-07-10,15110962
2538,2022-07-11,15117438
2539,2022-07-12,15123916
2540,2022-07-13,15130428
2541,2022-07-14,15136811
2542,2022-07-15,15143369
2543,2022-07-16,15149845
2544,2022-07-17,15156297
2545,2022-07-18,15162682
2546,2022-07-19,15169154
2547,2022-07-20,15175663
2548,2022-07-21,15182048
2549,2022-07-22,15188548
2550,2022-07-23,15195031
2551,2022-07-24,15201518
2552,2022-07-25,15207878
2553,2022-07-26,15214250
2554,2022-07-27,15220652
